[
  {
    "id": "1",
    "main_category": "Tool Categories",
    "sub_category": "Git",
    "text": "Show me step by step how to add a directory and its content to git",
    "description": "Understand how to use git",
    "rating": ""
  },
  {
    "id": "2",
    "main_category": "Tool Categories",
    "sub_category": "Docker",
    "text": "How to create a Docker container image",
    "description": "Understand how to use docker",
    "rating": ""
  },
  {
    "id": "7",
    "main_category": "HR",
    "sub_category": "",
    "text": "How to select a good candidate",
    "description": "Understand how to hire a candidate",
    "rating": "2"
  },
  {
    "id": "13",
    "main_category": "OS",
    "sub_category": "",
    "text": "How to become root on a macOS machine",
    "description": "Understand Mac machines",
    "rating": ""
  },
  {
    "id": "8",
    "main_category": "Finance",
    "sub_category": "",
    "text": "how to invest in the stock market?",
    "description": "Having basic financial knowledge",
    "rating": "2"
  },
  {
    "id": "11",
    "main_category": "Management",
    "sub_category": "",
    "text": "How to manage a small team?",
    "description": "Gain management skills",
    "rating": "1"
  },
  {
    "id": "14",
    "main_category": "Cloud",
    "sub_category": "",
    "text": "what is a saas?",
    "description": "Understand cloud concepts",
    "rating": "5"
  },
  {
    "id": "4",
    "main_category": "Tool Categories",
    "sub_category": "Jenkins",
    "text": "How to configure jenkins pipeline?",
    "description": "",
    "rating": "6"
  }
]